<application>
  <component name="VSTSSettings">
    <option name="serverContexts">
      <array>
        <ServerContextState>
          <option name="type" value="VSO" />
          <option name="uri" value="https://piedmontplastics.visualstudio.com/DefaultCollection/Bridge/_git/Bridge" />
          <option name="serverUri" value="https://piedmontplastics.visualstudio.com" />
          <option name="userId" value="d56ca6c0-0d34-611c-b920-3f5784b33fb1" />
          <option name="teamProjectCollectionReference" value="{&quot;id&quot;:&quot;c0b696b1-acf9-4ae5-93c2-25d812e8a958&quot;,&quot;name&quot;:&quot;PiedmontPlastics&quot;,&quot;url&quot;:&quot;https://piedmontplastics.visualstudio.com/_apis/projectCollections/c0b696b1-acf9-4ae5-93c2-25d812e8a958&quot;}" />
          <option name="teamProjectReference" value="{&quot;abbreviation&quot;:null,&quot;description&quot;:&quot;The Piedmont Bridge - Git&quot;,&quot;id&quot;:&quot;3fd1f821-bc70-4b79-a2a1-bc69ec4ce047&quot;,&quot;name&quot;:&quot;Bridge&quot;,&quot;revision&quot;:42948161,&quot;state&quot;:&quot;NEW&quot;,&quot;url&quot;:&quot;https://piedmontplastics.visualstudio.com/_apis/projects/3fd1f821-bc70-4b79-a2a1-bc69ec4ce047&quot;}" />
          <option name="gitRepository" value="{&quot;defaultBranch&quot;:null,&quot;id&quot;:&quot;5a8e82d4-5f84-4ef8-826b-6cedad85640e&quot;,&quot;name&quot;:&quot;Bridge&quot;,&quot;remoteUrl&quot;:&quot;https://piedmontplastics.visualstudio.com/Bridge/_git/Bridge&quot;,&quot;url&quot;:&quot;https://piedmontplastics.visualstudio.com/_apis/git/repositories/5a8e82d4-5f84-4ef8-826b-6cedad85640e&quot;,&quot;_links&quot;:null,&quot;project&quot;:{&quot;abbreviation&quot;:null,&quot;description&quot;:&quot;The Piedmont Bridge - Git&quot;,&quot;id&quot;:&quot;3fd1f821-bc70-4b79-a2a1-bc69ec4ce047&quot;,&quot;name&quot;:&quot;Bridge&quot;,&quot;revision&quot;:42948161,&quot;state&quot;:&quot;NEW&quot;,&quot;url&quot;:&quot;https://piedmontplastics.visualstudio.com/_apis/projects/3fd1f821-bc70-4b79-a2a1-bc69ec4ce047&quot;}}" />
        </ServerContextState>
        <ServerContextState>
          <option name="type" value="VSO" />
          <option name="uri" value="https://piedmontplastics.visualstudio.com" />
          <option name="serverUri" value="https://piedmontplastics.visualstudio.com" />
          <option name="userId" value="d56ca6c0-0d34-611c-b920-3f5784b33fb1" />
          <option name="teamProjectCollectionReference" value="{&quot;id&quot;:null,&quot;name&quot;:null,&quot;url&quot;:null}" />
          <option name="teamProjectReference" value="{&quot;abbreviation&quot;:null,&quot;description&quot;:null,&quot;id&quot;:null,&quot;name&quot;:null,&quot;revision&quot;:0,&quot;state&quot;:null,&quot;url&quot;:null}" />
        </ServerContextState>
      </array>
    </option>
    <option name="properties">
      <array>
        <PropertyState>
          <option name="name" value="lastContextKey" />
          <option name="value" value="//piedmontplastics.visualstudio.com/defaultcollection/bridge/_git/bridge" />
        </PropertyState>
      </array>
    </option>
  </component>
</application>